genre,avg_duration
Hip-Hop,177.22222222222223
Rock,174.8139534883721
Pop,170.02962962962962
Classical,163.74900398406373
Jazz,160.44736842105263
